{"_step":0,"_wandb":{"runtime":2},"final_rmse":1.7703699563920747e+06,"_timestamp":1.7445502502255306e+09,"_runtime":1.9093868999999999}