{"Batch Gradient Descent_rmse":1.7703699563920747e+06,"epoch":1,"_timestamp":1.7445510479315474e+09,"_runtime":1.9623257,"_wandb":{"runtime":2},"_step":0}