{"epoch":6,"_wandb":{"runtime":5},"val_loss":1.2143373879133213e+08,"_timestamp":1.744397529954816e+09,"_runtime":4.958257,"_step":5}