{"Mini-Batch Gradient Descent_rmse":0.7553287066482272,"Stochastic Gradient Descent_rmse":0.6170621748457917,"_wandb":{"runtime":32},"_timestamp":1.7445512477367773e+09,"_runtime":28.4288516,"_step":21,"Batch Gradient Descent_rmse":1.7703699563920747e+06,"epoch":20}