{"_timestamp":1.744550973580815e+09,"_runtime":3.0803119,"_step":0,"_wandb":{"runtime":3},"Batch Gradient Descent_rmse":1.7703699563920747e+06,"epoch":1}