{"_wandb":{"runtime":2},"Batch Gradient Descent_rmse":1.7703699563920747e+06,"epoch":1,"_timestamp":1.744550722030498e+09,"_runtime":1.8824388,"_step":0}