{"_timestamp":1.744550681714815e+09,"_runtime":1.8758473,"_step":0,"_wandb":{"runtime":2},"Batch Gradient Descent_rmse":1.7703699563920747e+06,"epoch":1}