{"_runtime":2.9314627,"_wandb":{"runtime":3},"_step":0,"final_rmse":1.7703699563920747e+06,"_timestamp":1.7445501908329551e+09}